,0
0,gloryoutnow
1,ueldraw
2,sfmeets
3,fairytail499
4,journalsstansparty
5,witsel
6,niallweloveyou
7,ashtonisamazing
8,mtvvmas
9,happybirthdaydylanobrien
10,usopen
11,narcos
12,6yearsofezria
13,michaeljacksonday
14,confidentforshawn
15,amatrice
16,perfectillusionseptember9th
17,sam claflin
18,davidluiz
19,dylanobrienappreciationday
20,mtvvideomusicawards
21,freedun
22,europaleague
23,louistakecareofyourself
24,replacet plyricswithharambe
25,justinreactivatedparty
26,makeabandsmaller
27,naruto
28,lotto3rdwin
29,gomb
30,confidentfor5sos
31,belgiangp
32,strangerthingsseason2
33,luttonazionale
34,bundesliga
35,prettylittleliars
36,ifa2016
37,feartwd
38,nintendodirect
39,justinssextapeleakedparty
40,isac2016
41,jorgesurprise
42,jorge
43,labour
44,halsey
45,perfectillusion
46,galaxy note 7
47,sum 41
48,getwellsoonjackson
49,cleotoms3years
50,respecttylerjoseph
51,cape canaveral
52,aintmyfault
53,sidetosidevideo
54,sofia richie
55,idonottrustanyonewho
56,marlene king
57,inunfilm
58,weekend
59,thelmaandlouise
60,westworld
61,pasalic
62,dybala
63,italiangp
64,italyearthquake
65,loveislarrystylinson
66,bakeoffitalia
67,fertilityday
68,veranomtv2016
69,britneytoday
70,remuslupinappreciationday
71,arrival
72,raiola
73,laziojuve
74,dearluke5sos
75,whatsapp
76,napolimilan
77,youtubeisoverparty
78,lenovolaunch
79,harry potter
80,buonanottecommendatore
81,backtohogwarts
82,siriusblackisgay
83,aylan
84,slytherin
85,claudio
86,gabigol
87,teha
88,happyjungkookday
89,zuckerberg
90,merlin
91,liamsbirthdayproject
92,1yearofwhatdoyoumean
93,yellen
94,larryisoverparty
95,alicia vikander
96,vmas
97,sony
98,louisweloveyou
99,prayingforitaly
100,mati fernandez
101,emma stone
102,1yearofjetblackheart
103,sherlock
104,massa
105,bieber
106,larzayleaisdeadparty
107,ancelotti
108,shawnneedsachristmasalbum
109,britishgp
110,ibiza
111,bournemouth
112,terremoto
113,felipe massa
114,messi
115,sundaymorning
116,nationaldogday
117,happybirthdayliampayne
118,renewmtvscream
119,wewantthe6thseasonofmerlin
120,steve rogers
121,venezuela
122,venezia73
123,totliv
124,libero
125,votednce
126,verstappen
127,britney
